{"version":2,"hash":{"type":"Buffer","data":"4lKwvtgkbfUcecKOpOu5FKmedeaqkPp1uK52EEY848Okfy67iW0pXUdMN4B/1HR3dBtxrQBFVffM4Itz+TngIvlNoYmNgM7zF1evTEsdDAkJaCf2JBke/X0uaTW50AxcugNeLYUuQs+wV/5p/DcTYj4+OpoldedpYqXks8QVtU4="},"indexValueMap":{"rwvw7qSBXCtfFfAXJreOtMQsv8718KhHxdiHw5mdMeY=":{"valueMac":{"type":"Buffer","data":"MUh4dk3WfgiSxcmzPjs7+g8StPDABvTglOJfr8eQT+E="}},"uVNh9UcYlQJEhJFpF/zlQyqPPWHfYCSqrnX50fVVIuM=":{"valueMac":{"type":"Buffer","data":"yDkb9e9nfzUA/2sydzMn0dNVjPYXddSM4l75qh2hcwg="}},"x6CkyaV9oPIwZvLhLaIQ51bC/BthNDZG5FBOBZw8fro=":{"valueMac":{"type":"Buffer","data":"gcplny7e2hCx+LI/zD1FCJn0damZaV+p6ba6MS6wdsc="}},"lMhW4oaSUFMaoLdSkbYCl2vgNUWoV9m84RzNYzgB/2g=":{"valueMac":{"type":"Buffer","data":"9kBzLIWra8Lkzor4rdUZw/PBHR2BDe9y73o3bwzeojE="}},"SxNzH97vwsO39ASlzrKLDDjPPHaPRrz8qHy+x3PHwdk=":{"valueMac":{"type":"Buffer","data":"x2OsJbU1BiNq7QTNpm7mljiXmCTAIlyfn/k1MnZc9ng="}},"mFr6z59vMQOkeGJFDiFUNLPbrP56On1UCZ1TmpkAA40=":{"valueMac":{"type":"Buffer","data":"7us1jnneEKsVwnd7VhB39TlBYoP0Ob6hKnExO+c9C24="}},"F5EbOr/sJm9gpXQnnjc+T3fiYx2bw/kh2CYYOI5iJA8=":{"valueMac":{"type":"Buffer","data":"SntXpGZgmyMmKtiDA6OtapGN6wC84HEJaIGZDyGgOgk="}}}}