{"version":2,"hash":{"type":"Buffer","data":"o4si1tp7NNw1zss3WsZuRX8ffgL2E4i3OX5mBt0O8QxtsjDE5hLSSnRYemCbLst7IRTQ6/eyZ801E4boMw+MtEhh2qUSS8AnOfAT+OYUlD2+XBCWV03xR+xgyuDgDUH4boR9BqZcWW0R1IYyVdhIDN9MavVQBhHxZsx0CgM5vh4="},"indexValueMap":{"PnEI5ezxaU2jpiPzfR/LfSc8LkUyPI1//VQTJKtp0WY=":{"valueMac":{"type":"Buffer","data":"FJ5Ut8h98QNKCPyOp9ry/lziSm0Dm0ZeilQbO3wdz8w="}},"7oYVSpfLXcBEjbeVFarQqHjWCgzAkPf6Ce4cpG8J6uw=":{"valueMac":{"type":"Buffer","data":"j200YPw7WeCIL6GFqymw1N9VyUjhjsZ0rilk0sHrXm4="}},"95+gNRAlxkJs4ZB1BPIvUU3+sHnQzwsGthSBYAXGaJo=":{"valueMac":{"type":"Buffer","data":"XVzX4vdRcr0UptQ3sjjHkWnuNbLtnWbpmT6HhKvmMgs="}}}}