{"version":2,"hash":{"type":"Buffer","data":"EeEN9N0oe3Raf+KgOUVVWQagrhkx8Ob5Z4YyQEf6aSWfRieVKIrw9DWDLDxxV9xa0xduHXBoXQpIi6etUHWuHPC1F/6bkRr60uDTbsnc4f8XnHN9UiRJU3pCh5qVsE2La2DQ/LZHmwTgKtf5/qMDvw5p6hInwqw2kUO7zpC4sdo="},"indexValueMap":{"DOO3Dg5ZQUZh4+z+6+AuNG8kX5PlduxP10pfwOUfHh4=":{"valueMac":{"type":"Buffer","data":"uPWuBgl25/ABO0uOZjyBUn4lTuDLc8dpWba65oEDuvY="}},"17UpbaU4LtWOzvslTcPAEyxy16RveiDsB6FVNThKXtU=":{"valueMac":{"type":"Buffer","data":"yCYTEsHyPioy1uESxLHblWR3zs5JMJDovbL+v1Z1onY="}},"oG6r4VZHzibQBWvQisvaQLdv0UOe/+OA6Ha1rvByQEQ=":{"valueMac":{"type":"Buffer","data":"68qQPHq7VPnGi70InReVmROTMh+Pq1D3hPlVu5iGs2o="}},"wSoiA+Uxxl0gGWiSEurO/WWhDdUQyoscAKe/94hACZQ=":{"valueMac":{"type":"Buffer","data":"j6dl1+kQ445uIJQRwbgagglXCDcz9UfuryBLL6dPIX0="}},"vHBjLAXS2si7q8ofLgggdIxk0zIYsXm1m5+K0GqaEwk=":{"valueMac":{"type":"Buffer","data":"x/7b5hH2QlBFqg6ZvhdAlE0/lFQEtk9jttokijFwKI0="}},"uRMKTV4ZYq/omM34ZLR1viJkLJHSZiZvFFuDonnUHew=":{"valueMac":{"type":"Buffer","data":"xfIJBW4xFiUi1a8ZuAtL9BuDvhcWVBH7tssAEkgtUUU="}},"JgWnexxRULBUuuvPHKnvTXswF0zuT1Jnz4SjMBXmc50=":{"valueMac":{"type":"Buffer","data":"e0VjcUM1gYWTLEBD4ZvGPeqJY9CGEh1a24zEOtG5bqw="}},"lGiwwb9OiN4D8bApj9NdiaTcCYroOA9Mb5T7GgD+m3k=":{"valueMac":{"type":"Buffer","data":"M429H9FYjR73+nkMcJr5veuEVcGcUS5oDEjEFHB34bk="}},"f1cvYjdJYwwoPvV4iOFRhd3tI2NTGchQaGUl4FfRrko=":{"valueMac":{"type":"Buffer","data":"ngDdMwJkx7stMmkVCo7uTnb8YWyOTNPvhliV9GEH5GM="}},"36cQWfp+IY8CBVU00AF0efdiJlzZTDiH/C7+eI9ZgYM=":{"valueMac":{"type":"Buffer","data":"I6raOjLVg1gIl6+ltPwlZyLvBo7TobDitBKXbFRh1cA="}},"9C3uSRGr+OwCK2xThlPBCwT8SvfngSLmFVg+Av74A/4=":{"valueMac":{"type":"Buffer","data":"fM8AapDlwqxWDYrVcUmrjrK7GoB8kuMcQMyPe9Hhza8="}},"WAA2RzDzXNqTMrjlJMOUw6CMhhL5AxnApo2uXQNTESk=":{"valueMac":{"type":"Buffer","data":"5DUlkp3qerlYNIW37C+/2u8xOSq/0dH1t7vkYIal1Zg="}},"7j/PNI6ejbxIcP7QMXTDw5n+34tv41ZyeypXkTlsduI=":{"valueMac":{"type":"Buffer","data":"Pty6lcDzw37MMEW6kaGdYeM0QeE2lR2Q/8HMhfy1Bts="}},"D7m7Yd22Hr/yOSB/0HIp1gSuyPzM4/SxanHK5x5s9R8=":{"valueMac":{"type":"Buffer","data":"kdlGma6qr5ckv0PeUYUsz5oqmv1AAzzyNVEKCevUXKg="}},"BG3gJeRSRPr5uG7K8cd4L06lkltCKKKO2EC3PmTXxfg=":{"valueMac":{"type":"Buffer","data":"ZDVEK/ewfnKMDMYW4lJyTuTv7rH8SN3k3APnactJKd8="}},"+Pl4xCKldwpOTb8N8k2bmKf8jIIMEKgVp49NMOzi/BE=":{"valueMac":{"type":"Buffer","data":"dv7l5kXJjFNI6I+ZO4U3XgSQ3tBL7Zj+ZoBW6REggDU="}},"SSgH7bihZluZIpPuCzTYK4NgSsF/5ILXXDpnbRxuewI=":{"valueMac":{"type":"Buffer","data":"ZTkbV++zg6Vc9Ncm4ZsPDMyRx1twGwxxwLnJMjEYtGw="}},"wPWxYo95Rk3V1NZpC0Jn7bNFZ2G6eGOr6y9uoM5Hrl0=":{"valueMac":{"type":"Buffer","data":"iFtMdGR+tDYOyziwQ5c1sMvdlC1My15rw14APgeRMt4="}},"/zi0ujPfmI/Vj0TyHMBPr076IjfP40KtCW/3kT5RW7I=":{"valueMac":{"type":"Buffer","data":"t1LV0NuCQ3P9YQElcwsuqfaV6Yo8VaIOImCl0vsQ75s="}},"7nVQDtpjv/HoOzB+2i5yO8zPWVn6KuuaekHXOTPZKxU=":{"valueMac":{"type":"Buffer","data":"S3x2bl9kJYcXngh6HHMVJJnvxKdeKKe0PjfS3TOZqj8="}},"Y9bvFkBczjrECRTpJKQXE1ZhyoyH8DCzymEGZLNdnEE=":{"valueMac":{"type":"Buffer","data":"wgaBbYMyVOAZU6wngVM1d4Jv2jg3kYOiGnPhQViociE="}},"93OcD1+6PopkGZXr8WpdsN55nZRkMD51p2yiskk7HqI=":{"valueMac":{"type":"Buffer","data":"HE0PxOdNuvv5MCIsGXky3jYv61Ks+afZQuVqM2Lt0zk="}},"LnZD4RTcV4Z79u3/KY5WUmb+8GcEqbLPtlAURBEaeHI=":{"valueMac":{"type":"Buffer","data":"jwlEnVdaDIa5I735RD+p2guNXzNhSves68sqOx/me/Y="}},"LfN2/m39rJz74j+vzTwvkGwT2W32x/scwjohtw56CGU=":{"valueMac":{"type":"Buffer","data":"k8UVlcD8/Zlla6vmDKS6jRws1QUeFhBcs9PoYyibIHw="}},"+1CkILg2bEKe72HdLWVVjOJDyA5ZvZ6uT6bmbCTWBUI=":{"valueMac":{"type":"Buffer","data":"YnPrs7w/s1esSDt6Kaym5YbV9RJcDK0pZ0tLBcrLjLY="}},"HJnznyarF5zZ1so+j/HHKpqeWYFqH4owXqNwM+7jK/M=":{"valueMac":{"type":"Buffer","data":"kaTsaj25U3Yb5KwB5QJBHOR3gP78Gxy+fvFaxFKc1xQ="}},"DRr+g5gZ30ZWywKWTdTcobCTRLPdy9cidkc1ydIulBY=":{"valueMac":{"type":"Buffer","data":"cJXnFdOIQTnWaybLV206LYlCyNjdEGnKZ4lJF2nvyzM="}},"qPMVtuupnYmOhHQDuWB9F6dmZwf0IOzIm+d64Yx89cI=":{"valueMac":{"type":"Buffer","data":"wmc5KGasAYCcSA6xqUg3OOZ8bUAyRWBedxZI3Ax0Uz8="}},"sZ4xyjoHAwHhw25TKixSA4UQE/K+Os4hqwP8k4BE7nY=":{"valueMac":{"type":"Buffer","data":"VRhPAe4MT7IQ4ZDrcUvga8PT+VttnU7YpjWgvoyLYAQ="}},"xNyQA/O8m4NVtR079RNObJmOCCHu6ehyYAA0auUGX0M=":{"valueMac":{"type":"Buffer","data":"indf5LjeWzNOMqIVGsECm8fJm+SLEuEP58XQmmFrsxM="}},"T2wsggdDBzpFd6C6Pm6dPKJvb63g19pyGKo/H3eli8A=":{"valueMac":{"type":"Buffer","data":"7c8nDnyTobIINDFxTTSKyOleszxVQrumCET/alSDzvU="}},"TXSYKGcN7cI0bsJqAYA+t/G976uP2JhzbfYb/FD+1L0=":{"valueMac":{"type":"Buffer","data":"CIc+3y818JuCuXJbI7Rox0F3qM6FQkVCyY63oObtWPM="}},"gsahrK3R5BJibgRC9Jt3mC0bvgsTr01hoASX7V6oU/o=":{"valueMac":{"type":"Buffer","data":"QsfVsF2TXv88dsp1ApfKkPteDiUS5fttidE6J+5X3bE="}},"zPGfUFIvJMgKZuiwvKwD7xV9URQZJhle9Jld6uo43wc=":{"valueMac":{"type":"Buffer","data":"z6/p31+v4y87EmYk/dJLbhO81hIc1iilg5K6v6CMTtw="}},"8NqEBT4es6kstfpcGmqWO+gbznUeWFez65qUSlDhTNE=":{"valueMac":{"type":"Buffer","data":"CAwzKwFMtK7X1pLKODbvFrhI+mF3LwWsqtW3gX3XRLA="}},"tUm5d4k2gQXSCtld7Wj91qH2utph65uiqWcGu18KHHg=":{"valueMac":{"type":"Buffer","data":"MO6ATW6oEc9QSFJBmV1+u4niKw6fMdJVn6ALOdZdy8k="}},"lsYvdEGRCCWdotnMvharcARJHNox1asy/bgR2dKKgy4=":{"valueMac":{"type":"Buffer","data":"YJNHO9vP/bg0HSIVjs51DkDzT6SW6CIXXdsWEmoBUUw="}},"wMVydI4a8rgzNlS6PZtGBtidELLHUgP4UcZTcmjbvn8=":{"valueMac":{"type":"Buffer","data":"g9GO4yf3z2NemuzEdyJBWT+7lxM9cjZliJSuo56y2DA="}},"YgX0om+kMowwZh2pQ0+9B9D+S5UYF1w5WBMcKm1b96Y=":{"valueMac":{"type":"Buffer","data":"YaOwjask3y9uFfiWJYpgWgHoO6Tn8V0SmCYneYD1Gpc="}},"Y+x/paOx/TyvgmNK80ialhLZB0HgNVRH2MAnZ8hK2/A=":{"valueMac":{"type":"Buffer","data":"PMfu0dGhst+QlT2707sSIoA5DcsfKiXSJwuiaJw5ips="}},"eirblgFHWoyETlIcSC0VaEt3rBaGvjIH2b00iF+LuWs=":{"valueMac":{"type":"Buffer","data":"Yv4YLWCiy7ZCEEorCCUEkHHBAWqxRHqXks+ZD6jYFo0="}},"Iw6QZYVOG53A5BhgzaZ4IxOSpLAdy6HhT9hD/jmwO9I=":{"valueMac":{"type":"Buffer","data":"+GzP6jiDVyNKwXJl/kau555a5qccJRB6R1evQsGpkPU="}},"X75ZUTxS8+/WD5BqyOY9VGbaznlxmdbpN8Nlq+ni4qU=":{"valueMac":{"type":"Buffer","data":"E+nRbM/1U9inmRs+ID7BUPbEbi++LjvbV1muczC5BSM="}},"nDjzGkkxgpsJ3hgh/2hi+/nmeeBUgqgXx1T3ER8HvUo=":{"valueMac":{"type":"Buffer","data":"8yIlXI/xWIabVhf5L5px7qoz8GAFUckAFd8XaCKrIV4="}},"hf86m/4qBnEx2bM4CfSG9yCnprn85inzgZGVfhQRZvI=":{"valueMac":{"type":"Buffer","data":"WFwP/6ZQRC42ncBrrI8WEJV65m2WS+fn8IKYjgVI3m4="}},"JUjBW0nltvE2ME0GcwnXq9IkWYn6BVRXMoS8mhAjXGY=":{"valueMac":{"type":"Buffer","data":"0YBrzbPSFdgXYdcwCzwS+c1C1nxVDBu9ynLeCkzU4WQ="}},"8JPW4K8uGcj63L8Invoi8O6XWbJkFaPUIxXiTvTjCp0=":{"valueMac":{"type":"Buffer","data":"86QwGfDttJ0HM+eOMV1dqwjnavMakdNR35F5alzxu68="}},"x9yN33Dt+XvIAsupT9D+p5c1u/wJG3VNmUakRSyFUq0=":{"valueMac":{"type":"Buffer","data":"8c1df395P8FtxGpBTOTCWEJEDHUhfiPR16qZuQUd4Tk="}},"/ii4f2MOcMHvmTkpjAoYZAL/Ht2aga4l3D8xvdXS/bE=":{"valueMac":{"type":"Buffer","data":"7JJ9trJTrm2GU0VpVGO5rKURhm6BIWHlrR6XqhwHhZk="}},"Wz0aPopBpjNDh83VCOf2yaoHJ5BYRlKGU6LvTdBOKjY=":{"valueMac":{"type":"Buffer","data":"gC2OXIVRmuilRWdXwNh8KEQCb4tA6GDmg/eGgC28+QE="}},"ghhCZb14KlEEs282Lu4FkjQQCoK6YH9gr/6mjljnrxw=":{"valueMac":{"type":"Buffer","data":"jEhvh0Yv+bIbq/VxJ3MN2yGfceMxIOLfovkgeeizbe4="}},"pYiGFAnUSVD0m0mgBxa8fN9fNY/orZ7MzDk7ITzqy6A=":{"valueMac":{"type":"Buffer","data":"eLyY3BAxBzmYMR7FTd4hvXsXxtIYBNuJy+QH6LwgjQk="}},"got8b1rvJdMAVZYhTikmmXxKyomeeGiOF5YvN+duUDY=":{"valueMac":{"type":"Buffer","data":"kyzMB5Gjvp+AtneVRvSZJ0XHyxLiAIWSlYVVA6q5zeQ="}},"mgsLGGCV2t1wTicC/HNRrZZ3fF8gS4cWWaBE9Ov9FZ8=":{"valueMac":{"type":"Buffer","data":"V95FxKPjVCSb6hQQa8ngvczRl3gKrt9cTQ0HMb/ZL/k="}},"gp+d5uUjnW1AnsgLtvlWpQQsPS+29+lqCsPYvSqXkXE=":{"valueMac":{"type":"Buffer","data":"OeW4Da+iCeiv2tR83c2gSuLiSN4ZXjD/hge5oXDlFu4="}},"uX1kSuFdOKjB89ycFZkyqhDo601DPUid5D8xxlLw0vk=":{"valueMac":{"type":"Buffer","data":"rV2leQGOniXFQCLCSQzW7iuapkQmbhrfrF9eIaGfOQ8="}},"lE6KjDtyhCIaioPCTvyzZPF1F7zSFFwu/rCeKl9IIS8=":{"valueMac":{"type":"Buffer","data":"x2n+L981/Gp9PFVjewnvJw92ipixP2UzxUVXPGiqjzw="}},"of9mhD6JF3ADxeQ/PuCA5Ety4UuSIiVHig1/hjNdWXA=":{"valueMac":{"type":"Buffer","data":"O3vmOxewdYJcJ7DNzs58nB9A0j7peNcX83xJoruUf4M="}},"J9vc+doaikqJJxMXGJdY8rXAmC9xzVnNMZZndKEvRmQ=":{"valueMac":{"type":"Buffer","data":"wnsXijaZg/y1KSUSSuOaKLdEOGoUXGhyGjjwxoeF2nU="}},"VVDnAhDqZKtYyrRSUCNoUKoFgA7CCyMiB54vcfxcbu8=":{"valueMac":{"type":"Buffer","data":"fsXXYsqz6Zu3qrIoxuITAxitDimwG6bEoehRnVc7Gkc="}},"fWxzE99Qt99gIJbAQhHXzbXIa4otlFK5tGM5palq5Ko=":{"valueMac":{"type":"Buffer","data":"M9J22ou66LYMu/CRLAaaM1+7pY5jozCCUUZwpFxRZDg="}},"EyBcAfSMQlj5FjKji/9PA3onNP8adKm91HMdpwa+yAw=":{"valueMac":{"type":"Buffer","data":"yKJRu4KAKV086w5F7qeGTTzO8lxX+4Tl3+j9Oz/lwhY="}},"NEW1nnZoYtL1aWy88HeURmJEkEDGdyXuXg2X4G9r6F4=":{"valueMac":{"type":"Buffer","data":"nj2V6MOcet8qFa89/d7WzHwucOp6CDyUr6n8VfzZDtw="}},"TERsFDBmsPs8e0d4ZqjJT/b0lnFPUELP6ts6ptoa88w=":{"valueMac":{"type":"Buffer","data":"LzIuqrVeW2+7enLooiLGITzWmY4Nv/UYBsfWIyEX3lk="}},"xxUPFbSYVWtMnJAcJzxFJMZRzuqzVBqYkVh2A5ts5Ws=":{"valueMac":{"type":"Buffer","data":"xyPDWZjtix9EGw67Y4wKs79aV6NihNe75pCPY788rWQ="}},"N5FBixHYb/91nypWBcO0mz45j0mdGpARUgFIWn/Ue7k=":{"valueMac":{"type":"Buffer","data":"f7pQxrm/5bMfi3hd26OAfsssW+pvjmZJr1s/mQzsugM="}},"B2XWsyHVGZG86+U+JLE70kkbxP5HvTyUPtU3rZ+m5Hs=":{"valueMac":{"type":"Buffer","data":"KKwqVvijp/5Y/XjPf1U/xgeSGyKPoyo31MyQTpXrJOs="}},"DAvvbbeif1MgRML5sBXjJRFisH7xk2RYgrW0VjHdfBY=":{"valueMac":{"type":"Buffer","data":"sxkc8wmpWw1WuE+q3KHeM8K2yzYo7IdmhNIz8/y9f7Y="}},"U6BGGRpE9QOrcce0Dwu2qprB8Yx2i39bMAR/GwHTbNo=":{"valueMac":{"type":"Buffer","data":"fwLB9rUQuAm6wrju9chtmz2Cx6u0Eh1Wz9C8etyD08M="}},"+KEnMvCkZ1cSp4CzFBrnWMCla2Mmq5gLTy7i5c3BSY8=":{"valueMac":{"type":"Buffer","data":"y2Gw6LeS8fEABAydE1p2fJ7HlP/8VrmDU8LTBIuYxjI="}},"S5GHqE9AzF8h7VAdCKCCllmR9Ts2EzzsI1D5urLnxn4=":{"valueMac":{"type":"Buffer","data":"YmnyE0gtETYZcF/Zzqvq9BsjVyLJSmauCWt0/vAL8bU="}},"mA3588m0wYPMhOS5O4fuylb+4AzCQa3bz7L8E82Q4qI=":{"valueMac":{"type":"Buffer","data":"DkQmzgaKp5c+TID+knESB1yxR/1C2pmwoLPVF+oeFko="}},"+VbXb9o/DMT9ndWdi2Fs6SVkDO5xM53BfRdqIcicBJM=":{"valueMac":{"type":"Buffer","data":"2zNQFIgA8rNmzjjGMH2lq1LYWqLe729e9Eo1YpEL4tU="}},"DFCRVKiCEOGBXerRcYD4mWeOwCVN/++1RHlPaOuPcG4=":{"valueMac":{"type":"Buffer","data":"5S5MO9PO2yDRogTQ/oF/YYbDRPUh9fE+gy3pbLql9l0="}},"DMFlYUGUmasT1l1O1YvG9oIiUvYcTEe9fdPKqOwKecc=":{"valueMac":{"type":"Buffer","data":"ITxJZ9ohCJabkUy5l+ro0RWJI1iZhKLGHUJFbpiUgyc="}},"RwHZXvLt/CgrKQB7ZoPg7k5en6e/DQOPyONH7mCWBzQ=":{"valueMac":{"type":"Buffer","data":"o18oBnYySlDLTdMQ+sbvfwOrYKbjzlBjBkO2gxIAUO4="}},"2cHbmFqu9qvggA7xjsIQ5JM0aO9LYqvXzokNknw40J4=":{"valueMac":{"type":"Buffer","data":"gH6ARYmdaQu+OadTK6wXfZZXUJIep5udH+mkzepfYx0="}},"48078OThFNTz5akXVYXpnLgextEGdMmMQyrSOh8epTA=":{"valueMac":{"type":"Buffer","data":"3mwlhSDOjwvPLT+pKKovOTvS3NqWycZuMf0n58VYZJA="}}}}