{"noiseKey":{"private":{"type":"Buffer","data":"CIjCI0EUEQ5dpiyBFiBwmV9VW0motwCzvfNl3htARm8="},"public":{"type":"Buffer","data":"kb25wE5gtIueKxud8ru+yzCOkHPgbTwI4ud6ttRW7xE="}},"pairingEphemeralKeyPair":{"private":{"type":"Buffer","data":"MAawHtRG57JO9Rc1X0YAjYQcMNFB1GO+9tDjDNxh+FU="},"public":{"type":"Buffer","data":"SSwsvHCkTcj3IHd8uKJBJYvvtA+NN0Fa18XVZhCEsTU="}},"signedIdentityKey":{"private":{"type":"Buffer","data":"aBSJo2g426aHMw2/lMQ3RyTiD2tD99TiGd+SKGgWn1o="},"public":{"type":"Buffer","data":"ihWMh6fab/l3CvOuoRGR93Wy0L6OOyc+r1qqfdAq9lc="}},"signedPreKey":{"keyPair":{"private":{"type":"Buffer","data":"4Iq+Rio6SUo1gkAL/N+l666yN+i68/h0EH8jWApluHA="},"public":{"type":"Buffer","data":"tNjBRIhF8zFh0ZqEtDu1PtDoJZDeD6GlVKfgH9OBqHI="}},"signature":{"type":"Buffer","data":"SGELiW+MbpKoRhkSJa9zJZO6NB3q6+NQe2oiGnXJqjXe/mxHpaXl2sKKcx1BHMWmlD23qTe4MmCEybO2SORxjQ=="},"keyId":1},"registrationId":227,"advSecretKey":"ZUKON3t9tCcxB0bd4NefMdJuHaLKshohrPLVDlP7XO8=","processedHistoryMessages":[{"key":{"remoteJid":"27641884147@s.whatsapp.net","fromMe":true,"id":"A54262EBFE591B9269D4605C2BC8E171"},"messageTimestamp":1751030099},{"key":{"remoteJid":"27641884147@s.whatsapp.net","fromMe":true,"id":"4DC713534FDA99AACC372324107E7805"},"messageTimestamp":1751030099},{"key":{"remoteJid":"27641884147@s.whatsapp.net","fromMe":true,"id":"A9AFA3760909CCED55CA3107E19871F1"},"messageTimestamp":1751030104}],"nextPreKeyId":31,"firstUnuploadedPreKeyId":31,"accountSyncCounter":1,"accountSettings":{"unarchiveChats":false},"registered":false,"account":{"details":"CJGgprIEEM6y+sIGGAEgACgA","accountSignatureKey":"7Xq6x1NXA/LerFDKFpfSsEqGXGe+3HHntWrQUCjE+RQ=","accountSignature":"jglnetZtm5XtBWRNNfAtcRSnEyQdDHMCu/0fCKe4ha5qE8BLvrQ6j7ANA5/p8Hx61QQ73kkYCGelNJ68uKRLDw==","deviceSignature":"8uRCRPVfAD+LS5aUB6uYVbvZ6BW75osSHFlnFxOamCbtkDdDudbkOaYuxbra9b9yhvgpoz+oYJEVqegqmXG2gg=="},"me":{"id":"27641884147:2@s.whatsapp.net","lid":"58472305557600:2@lid","name":"Pipo !"},"signalIdentities":[{"identifier":{"name":"27641884147:2@s.whatsapp.net","deviceId":0},"identifierKey":{"type":"Buffer","data":"Be16usdTVwPy3qxQyhaX0rBKhlxnvtxx57Vq0FAoxPkU"}}],"platform":"android","routingInfo":{"type":"Buffer","data":"CBIIBQ=="},"lastAccountSyncTimestamp":1751030203,"lastPropHash":"1K4hH4","myAppStateKeyId":"AAAAAHgS"}