[{"senderKeyId":2000536201,"senderChainKey":{"iteration":177,"seed":"x2ME7Uf4acXRX7nAy3sZoir4tP2CB3rpnxEbqdejD1E="},"senderSigningKey":{"public":"BV2Xn9YpM9NV511472jWzq0YpBKX8hWbtjKIBymd820v","private":"kN5wmhbnarRHj5z1xHrbtt9qx3JLwmF+1e4a8PkhnUo="},"senderMessageKeys":[{},{},{},{},{},{},{},{},{},{},{},{},{},{},{},{},{},{},{},{},{},{},{},{},{},{},{},{},{},{},{},{},{},{},{},{},{},{},{},{},{},{},{},{},{},{},{},{},{},{},{},{},{},{},{},{},{},{},{},{},{},{},{},{},{},{},{},{},{},{},{},{},{},{},{},{},{},{},{},{},{},{},{},{},{},{},{},{}]}]