{"_sessions":{"BQHsydqIIAP4wj4xZOscivhZydgqjOXvbh4VwYIoa+EL":{"registrationId":246,"currentRatchet":{"ephemeralKeyPair":{"pubKey":"BewUtV34a0kfhK4s8s/h17Lo1iXGnANwBrapOGv97gpr","privKey":"4Aimk1F1W7XmYOcl8BA2IvE0mr5x5iKmfoGLgYFP704="},"lastRemoteEphemeralKey":"BUAatDlNGxM1kUq6qgRpB7p7j1t1DnPs2RqDy8qkTCZY","previousCounter":0,"rootKey":"rLMkXy2Vml3c0zCWqjoy6oWBoNmnhCkMJ84RgJkThWE="},"indexInfo":{"baseKey":"BQHsydqIIAP4wj4xZOscivhZydgqjOXvbh4VwYIoa+EL","baseKeyType":1,"closed":-1,"used":1751031328620,"created":1751031328620,"remoteIdentityKey":"BWCjBcoQD/XK8ZssGJuE2lYE+csSSRCq7xajwoLI8BFm"},"_chains":{"BewUtV34a0kfhK4s8s/h17Lo1iXGnANwBrapOGv97gpr":{"chainKey":{"counter":0,"key":"xAMYcl2IvsgT5iUgcrMfM96wvxYMglMpUhVmpYn9cRU="},"chainType":1,"messageKeys":{}}},"pendingPreKey":{"signedKeyId":1,"baseKey":"BQHsydqIIAP4wj4xZOscivhZydgqjOXvbh4VwYIoa+EL","preKeyId":2866}}},"version":"v1"}