{"_sessions":{"BYyE7kwYLYVQrVGpyypIB0mcfotARtJA6qmYAI+wT4YN":{"registrationId":468946560,"currentRatchet":{"ephemeralKeyPair":{"pubKey":"BYGZEBAA0VjLeLmOLZ6O/Y9jfOwuUjfxXOsyfE6h8ugZ","privKey":"YIvMsXjb9me7hMUfT/r9EGdcTkTk6aJhVLNqWUS5aUQ="},"lastRemoteEphemeralKey":"BbbpDhWAYgVN3ipREpAcGg+iRp1KegJ/EL9E7vwOWAtn","previousCounter":0,"rootKey":"3Vlf8FAPdfAyRRMEEegkeBM5EJncLk/15ZXq6SEswTw="},"indexInfo":{"baseKey":"BYyE7kwYLYVQrVGpyypIB0mcfotARtJA6qmYAI+wT4YN","baseKeyType":2,"closed":1751030100829,"used":1751023694787,"created":1751023694787,"remoteIdentityKey":"Be16usdTVwPy3qxQyhaX0rBKhlxnvtxx57Vq0FAoxPkU"},"_chains":{"BbbpDhWAYgVN3ipREpAcGg+iRp1KegJ/EL9E7vwOWAtn":{"chainKey":{"counter":7,"key":"qELeC0/xAimOnT2Im/nItaFlGI1fJdQLrbbcdMAaFtc="},"chainType":2,"messageKeys":{"0":"pxwmwG9w4JWgUMUw4QqSt8xbcHMXudlC6StE4w8lsU8="}},"BYGZEBAA0VjLeLmOLZ6O/Y9jfOwuUjfxXOsyfE6h8ugZ":{"chainKey":{"counter":0,"key":"4ckVUglM83m0cqf7EI+aHSXgNty2JbCFb6UNfm35IBw="},"chainType":1,"messageKeys":{}}}},"BbWejfv0FNU0jbZnVp7yjfPYdbVAKlXy+7m4jK4daNcP":{"registrationId":468946560,"currentRatchet":{"ephemeralKeyPair":{"pubKey":"BVH3aNSicX4LfK1qq+jkZrMgggXKbfektSifDMH87Sdc","privKey":"oELMyW008NP/rCRpx9nMY27DN6b5MbKLoMAX0C1yaVg="},"lastRemoteEphemeralKey":"BRKDIpPGZWFJgspA6BN1K2NMjHR3wsPKOcUDucNFquY8","previousCounter":0,"rootKey":"Wt9dwD5fQxAgwv5Mz+DqM3ybTpB1v/PfGtmJYfid8Js="},"indexInfo":{"baseKey":"BbWejfv0FNU0jbZnVp7yjfPYdbVAKlXy+7m4jK4daNcP","baseKeyType":2,"closed":1751030114384,"used":1751030100834,"created":1751030100834,"remoteIdentityKey":"Be16usdTVwPy3qxQyhaX0rBKhlxnvtxx57Vq0FAoxPkU"},"_chains":{"BRKDIpPGZWFJgspA6BN1K2NMjHR3wsPKOcUDucNFquY8":{"chainKey":{"counter":7,"key":"b7QSrjyOZgi6qr0bmGQfwViFFXcTFqDuq8Q2c3kVXzo="},"chainType":2,"messageKeys":{}},"BVH3aNSicX4LfK1qq+jkZrMgggXKbfektSifDMH87Sdc":{"chainKey":{"counter":-1,"key":"dQu3RkAZKM0EYJlxefLtBrfl2E57Y6UOeBv8oi7XxiM="},"chainType":1,"messageKeys":{}}}},"BasD096eMWn/01D1MA3E76fD/nSPI211zp6nafIKdjRc":{"registrationId":468946560,"currentRatchet":{"ephemeralKeyPair":{"pubKey":"BdwJ12fTXADmUy2r7tFtwzBJZFDkxykq3TmWrfq2qkw/","privKey":"oDMZau09XqigRYE+KHaqdr6AgK5oumCvJGzeHX5odH4="},"lastRemoteEphemeralKey":"BYQgZxZHnHZU2haV42bk5bYaDDPBy4afpDELy/gfmpdU","previousCounter":1,"rootKey":"UsIk5q4uW0Qyxbpd4ubAPGLpK9bn/5EhNLAerHQcMNM="},"indexInfo":{"baseKey":"BasD096eMWn/01D1MA3E76fD/nSPI211zp6nafIKdjRc","baseKeyType":1,"closed":-1,"used":1751030291320,"created":1751030114369,"remoteIdentityKey":"Be16usdTVwPy3qxQyhaX0rBKhlxnvtxx57Vq0FAoxPkU"},"_chains":{"BYQgZxZHnHZU2haV42bk5bYaDDPBy4afpDELy/gfmpdU":{"chainKey":{"counter":0,"key":"QMWPqf1Y9de/mvEVFGU5PXkl86cA9tPqxDUwbb4xFAk="},"chainType":2,"messageKeys":{}},"BdwJ12fTXADmUy2r7tFtwzBJZFDkxykq3TmWrfq2qkw/":{"chainKey":{"counter":0,"key":"PDnZo9CtamWJeSsIOVdbMv64byS/EKqZbsts6YvseTE="},"chainType":1,"messageKeys":{}}}}},"version":"v1"}