{"_sessions":{"BZ8MaQjPfGmCQYjRKyzO0hFTmlVz5A59i/+aL49My5tL":{"registrationId":121,"currentRatchet":{"ephemeralKeyPair":{"pubKey":"BWRHoA3C9loKyexen4VpveUY3W/mLBtTeCYvdn7SqoA8","privKey":"yPAkxLKHtYrqiF1HgpPOHhOCiNy0/JSVzUDm8/uG8V4="},"lastRemoteEphemeralKey":"BVvHUjNM2FxnOga/bJomEnWngltvhc4EOFx6jF4/TpN/","previousCounter":0,"rootKey":"PB7212/H612KPwYyzVTLD7xXkqW94+uKQsB5NT0Yy9I="},"indexInfo":{"baseKey":"BZ8MaQjPfGmCQYjRKyzO0hFTmlVz5A59i/+aL49My5tL","baseKeyType":1,"closed":-1,"used":1751031328625,"created":1751031328625,"remoteIdentityKey":"BaJQxy4l2LaWl+hIW+1VkHc9jTRMdOdSH03epKcVW7F4"},"_chains":{"BWRHoA3C9loKyexen4VpveUY3W/mLBtTeCYvdn7SqoA8":{"chainKey":{"counter":0,"key":"f2+bKxh0xvKy77dHdJn7dYvkISBCuvRYytFbdVUSfXs="},"chainType":1,"messageKeys":{}}},"pendingPreKey":{"signedKeyId":1,"baseKey":"BZ8MaQjPfGmCQYjRKyzO0hFTmlVz5A59i/+aL49My5tL"}}},"version":"v1"}