{"_sessions":{"BfFO/ObHtRcQeh1UV+fpoicO+PANMRw8VdvfqKc0SkQ1":{"registrationId":2029286692,"currentRatchet":{"ephemeralKeyPair":{"pubKey":"BT/OV8fIDmnerl5fSRSRLwjUuuNE5nWvc3wm7sfXzXh3","privKey":"OKsdPq64JDLSUfyaaT8W5iCQPm8idkmFKIgJLce1u2Y="},"lastRemoteEphemeralKey":"BYB/J0AzVhp3vjo8tDBVGmXH7bjIDus4yU399x+VaWxa","previousCounter":0,"rootKey":"vmENey8SVR23rbfPotOS9zYzBW1SvMVHeQrqyuailXA="},"indexInfo":{"baseKey":"BfFO/ObHtRcQeh1UV+fpoicO+PANMRw8VdvfqKc0SkQ1","baseKeyType":1,"closed":1751030111874,"used":1751023782542,"created":1751023714136,"remoteIdentityKey":"BR7I0R19PytDpj6seMyQs6P/NkthkvJOtQLO3y18uxdw"},"_chains":{"BYB/J0AzVhp3vjo8tDBVGmXH7bjIDus4yU399x+VaWxa":{"chainKey":{"counter":0,"key":"EU6MeUM8SjI06SL4PTpPDuqbWRZ/nHlDPiY0k615x8E="},"chainType":2,"messageKeys":{}},"BT/OV8fIDmnerl5fSRSRLwjUuuNE5nWvc3wm7sfXzXh3":{"chainKey":{"counter":-1,"key":"u6N9j03T4qIulpXCMtYrrdLY/6k5j5vzv5AOj2Ur99w="},"chainType":1,"messageKeys":{}}}},"BRPsIJBZqa1q9Mobzd1kD59jFYKLpTge8GngoUKbEGMt":{"registrationId":2029286692,"currentRatchet":{"ephemeralKeyPair":{"pubKey":"BY2KAJPkp4gugHy1Ogi/gYdKgYfDc9TOKYsj/PFi9BwC","privKey":"KDTxJJbG6QkSP+t28h3AkN+kVPi7MuOJdgUOrfDXI0U="},"lastRemoteEphemeralKey":"BfLzoPWU61zHB2t0+gTazXZrUC80uK+S+iea0Q6Zt0EX","previousCounter":0,"rootKey":"ry7ZkwDGtx67sl2VSiEQhA4tFeDA1OTEq0mxwaGJq/E="},"indexInfo":{"baseKey":"BRPsIJBZqa1q9Mobzd1kD59jFYKLpTge8GngoUKbEGMt","baseKeyType":2,"closed":1751030114913,"used":1751030111879,"created":1751030111879,"remoteIdentityKey":"BR7I0R19PytDpj6seMyQs6P/NkthkvJOtQLO3y18uxdw"},"_chains":{"BfLzoPWU61zHB2t0+gTazXZrUC80uK+S+iea0Q6Zt0EX":{"chainKey":{"counter":0,"key":"dym6tDbnXpnfCtrGEE8BVFalAU6gOYvG46wLL6qmtWo="},"chainType":2,"messageKeys":{}},"BY2KAJPkp4gugHy1Ogi/gYdKgYfDc9TOKYsj/PFi9BwC":{"chainKey":{"counter":-1,"key":"iyv7tO6SHvDKa5XHRjXhe6H8FpZuVuOI9ukzcasdl/o="},"chainType":1,"messageKeys":{}}}},"BZ/VukNCsfWtalv6Hh2ny9KXw/Jc9atUUexnCGeSEuQh":{"registrationId":2029286692,"currentRatchet":{"ephemeralKeyPair":{"pubKey":"BfXdGzv58U1modATfnNO7huFvgvJ/2/eIZyF5QHJCT4N","privKey":"WNV2PcWYL7tsUgP47KKEFllMF8tGPHDTG7D9RkAmbEM="},"lastRemoteEphemeralKey":"BecMj+9tvyAqJ/+cn9rbrJRuePib/Co32Vq+lc82f51A","previousCounter":1,"rootKey":"EiE3bKxhHFMNOKKNSCXQ+t45pP9xxesuuM+kKS75kIE="},"indexInfo":{"baseKey":"BZ/VukNCsfWtalv6Hh2ny9KXw/Jc9atUUexnCGeSEuQh","baseKeyType":1,"closed":-1,"used":1751031327875,"created":1751030114895,"remoteIdentityKey":"BR7I0R19PytDpj6seMyQs6P/NkthkvJOtQLO3y18uxdw"},"_chains":{"BecMj+9tvyAqJ/+cn9rbrJRuePib/Co32Vq+lc82f51A":{"chainKey":{"counter":0,"key":"86/cFrTzGP6xq/vdpHFk30B0wLqeaaKIGwZyQjla8aA="},"chainType":2,"messageKeys":{}},"BfXdGzv58U1modATfnNO7huFvgvJ/2/eIZyF5QHJCT4N":{"chainKey":{"counter":0,"key":"Yx58DD5nxsAqMiF25gA3JTf3N5EBEtWDDi457LaF5IQ="},"chainType":1,"messageKeys":{}}}}},"version":"v1"}