{"_sessions":{"BYpMCRCSZvKSDmlNH0YO4zYngjFCCx6QaxGbMSRDLCZs":{"registrationId":1346936607,"currentRatchet":{"ephemeralKeyPair":{"pubKey":"BUtitJMDPKafVeKYP3kZLGlCerQFWcQe5IJ4TwbMFtso","privKey":"gGn6yBPOMCCU+IHizPQ8A2In0vlIMsHx+BT/hK1g63I="},"lastRemoteEphemeralKey":"BQrsE960BlDq6xY7v4Is8oOfHZjetJd3R2qnm6hvE8RR","previousCounter":0,"rootKey":"JpdpT9i9S+Z7ym/UZYo+iXdQc4aF5TmYUFokJKBbnko="},"indexInfo":{"baseKey":"BYpMCRCSZvKSDmlNH0YO4zYngjFCCx6QaxGbMSRDLCZs","baseKeyType":1,"closed":1751030130022,"used":1751023940415,"created":1751023940415,"remoteIdentityKey":"BeWDx1xtmLB6FS1CJD4FGDDxu6eJPDRXjKVNp9NZkDNY"},"_chains":{"BUtitJMDPKafVeKYP3kZLGlCerQFWcQe5IJ4TwbMFtso":{"chainKey":{"counter":1,"key":"kNRQ00LTP+H0RPCF3ALnOfu8YTT3RLo12TRR2PuaQu4="},"chainType":1,"messageKeys":{}}},"pendingPreKey":{"signedKeyId":3,"baseKey":"BYpMCRCSZvKSDmlNH0YO4zYngjFCCx6QaxGbMSRDLCZs","preKeyId":10829814}},"BY6dPuowuKJpqlEy4mRcbeQntlghpjn9HveHiIrOARsV":{"registrationId":1346936607,"currentRatchet":{"ephemeralKeyPair":{"pubKey":"BQJWyKB76hsUt/QReT/rzM98ovCY0Z9HvheddAirOsAf","privKey":"eE+pXfZ7Sw8drNfAMdN2Z/1cQ7dccYOANqPMs0XreEE="},"lastRemoteEphemeralKey":"BQrsE960BlDq6xY7v4Is8oOfHZjetJd3R2qnm6hvE8RR","previousCounter":0,"rootKey":"XywnwbcZLLGGNS+QrAWh4pjWtgtIr8yGByWY5P24uIA="},"indexInfo":{"baseKey":"BY6dPuowuKJpqlEy4mRcbeQntlghpjn9HveHiIrOARsV","baseKeyType":1,"closed":1751030130760,"used":1751030130016,"created":1751030130016,"remoteIdentityKey":"BeWDx1xtmLB6FS1CJD4FGDDxu6eJPDRXjKVNp9NZkDNY"},"_chains":{"BQJWyKB76hsUt/QReT/rzM98ovCY0Z9HvheddAirOsAf":{"chainKey":{"counter":-1,"key":"rp0kW5d6C1S4SKj8DZhz5Ns8f+W/0giqWzx3baJfbkw="},"chainType":1,"messageKeys":{}}},"pendingPreKey":{"signedKeyId":3,"baseKey":"BY6dPuowuKJpqlEy4mRcbeQntlghpjn9HveHiIrOARsV","preKeyId":10829641}},"BT8Qei4TUFFcSAuUeDIaA72rado/dNLwhx3EsjUkOA8J":{"registrationId":1346936607,"currentRatchet":{"ephemeralKeyPair":{"pubKey":"BVw3sAlye5bwUtX5C37NCdj/wUDoJbkWGCvQQ0hQ+1do","privKey":"6Bg6i0nZIhO739evo0CK4DZIG4DhmK1mXFe+/ekD734="},"lastRemoteEphemeralKey":"BQrsE960BlDq6xY7v4Is8oOfHZjetJd3R2qnm6hvE8RR","previousCounter":0,"rootKey":"WCUzzAkEB3xgu6IYKwKaz9/GNOTGGfSnlWqoPK5Q5xM="},"indexInfo":{"baseKey":"BT8Qei4TUFFcSAuUeDIaA72rado/dNLwhx3EsjUkOA8J","baseKeyType":1,"closed":1751030131296,"used":1751030130753,"created":1751030130753,"remoteIdentityKey":"BeWDx1xtmLB6FS1CJD4FGDDxu6eJPDRXjKVNp9NZkDNY"},"_chains":{"BVw3sAlye5bwUtX5C37NCdj/wUDoJbkWGCvQQ0hQ+1do":{"chainKey":{"counter":-1,"key":"a3A4LyT7dMKvd5EhFX9Y7/m9V2dIULgyra3t+bdCUlM="},"chainType":1,"messageKeys":{}}},"pendingPreKey":{"signedKeyId":3,"baseKey":"BT8Qei4TUFFcSAuUeDIaA72rado/dNLwhx3EsjUkOA8J","preKeyId":10829670}},"BTbAlO0YLUle/sueox8AZETrsS+zCBLJmnZ1wkyhvYN5":{"registrationId":1346936607,"currentRatchet":{"ephemeralKeyPair":{"pubKey":"BQhrUxv1T1dWJ4/TqgeinbjQGmUKVdyb9R+e7rNj8jY1","privKey":"OFHx0+AbpNsxt0uV3MN7m8oJmDc+4okch2PM7gnRHHY="},"lastRemoteEphemeralKey":"BQrsE960BlDq6xY7v4Is8oOfHZjetJd3R2qnm6hvE8RR","previousCounter":0,"rootKey":"P7VZQIt5AYfS+GRbGJwsN5LKxnKDzFGYXa6paxEkpoo="},"indexInfo":{"baseKey":"BTbAlO0YLUle/sueox8AZETrsS+zCBLJmnZ1wkyhvYN5","baseKeyType":1,"closed":-1,"used":1751030131289,"created":1751030131289,"remoteIdentityKey":"BeWDx1xtmLB6FS1CJD4FGDDxu6eJPDRXjKVNp9NZkDNY"},"_chains":{"BQhrUxv1T1dWJ4/TqgeinbjQGmUKVdyb9R+e7rNj8jY1":{"chainKey":{"counter":0,"key":"iDh2tGIdpHDdSvFWgw9bCGkWNQ8PEL612rM65ynm4C0="},"chainType":1,"messageKeys":{}}},"pendingPreKey":{"signedKeyId":3,"baseKey":"BTbAlO0YLUle/sueox8AZETrsS+zCBLJmnZ1wkyhvYN5","preKeyId":10829961}}},"version":"v1"}