{"_sessions":{"BQKGImmAAWWS6B2ZT/Ku+OiIWX2WIDhJUYim0UU7dRJP":{"registrationId":2120982522,"currentRatchet":{"ephemeralKeyPair":{"pubKey":"BSjEfqqRjIQBqXZZHZkIL1A+ugUzAX7LSs0ggiOCcylN","privKey":"UAxZmK3CEIIinHjTwdUmzvROf4X8SRi+An6TZ73hxlg="},"lastRemoteEphemeralKey":"BfS9zGQ1y9cXuI/fRxrzHq4/VNQAaQxrQ/Mqs/BMdhMW","previousCounter":0,"rootKey":"fgp+EkrcAdznAIwsTumD2OollOTh+If8yHLEe6Bte/k="},"indexInfo":{"baseKey":"BQKGImmAAWWS6B2ZT/Ku+OiIWX2WIDhJUYim0UU7dRJP","baseKeyType":1,"closed":1751030113731,"used":1751023952835,"created":1751023940418,"remoteIdentityKey":"BZecCrbTmu1F//wB9B85KITNhkcEFDc+qvQjlgMz9RlT"},"_chains":{"BfS9zGQ1y9cXuI/fRxrzHq4/VNQAaQxrQ/Mqs/BMdhMW":{"chainKey":{"counter":0,"key":"siCe5kh3QDtROJ7zMXsi52grD8Qxtu5G5kkhdKnkwlY="},"chainType":2,"messageKeys":{}},"BSjEfqqRjIQBqXZZHZkIL1A+ugUzAX7LSs0ggiOCcylN":{"chainKey":{"counter":-1,"key":"wygQxzf5i2GeCrxgkaMv8XMcy3W3Kli8HkPsCviSuVQ="},"chainType":1,"messageKeys":{}}}},"BR2/zyzwKiyhHAS0KdcbTi2nteoSSsVppe7yxljhaGEw":{"registrationId":2120982522,"currentRatchet":{"ephemeralKeyPair":{"pubKey":"BYDy4tDoNVWFVFoJKbcu12v2ezW+wASVIKYta5wLklE2","privKey":"kATW7+cc1UIydgY2WhiAJ5plUhtaDH2XrZsLf1nMlVg="},"lastRemoteEphemeralKey":"BSXMZ2r79oBrGY31x7LjnqLGCWdBHEAfH5yaVxAiLPh+","previousCounter":0,"rootKey":"GApyMkvt7YvlloKkY5bHB2Se4RgrddzAiRyR1NzmKgs="},"indexInfo":{"baseKey":"BR2/zyzwKiyhHAS0KdcbTi2nteoSSsVppe7yxljhaGEw","baseKeyType":1,"closed":1751030119779,"used":1751030113706,"created":1751030113706,"remoteIdentityKey":"BZecCrbTmu1F//wB9B85KITNhkcEFDc+qvQjlgMz9RlT"},"_chains":{"BYDy4tDoNVWFVFoJKbcu12v2ezW+wASVIKYta5wLklE2":{"chainKey":{"counter":-1,"key":"D9fVC99cGKq9KkQvdIhUg++CfseLTCaAmt/mRaKvlR4="},"chainType":1,"messageKeys":{}}},"pendingPreKey":{"signedKeyId":11,"baseKey":"BR2/zyzwKiyhHAS0KdcbTi2nteoSSsVppe7yxljhaGEw","preKeyId":3282959}},"Bf97wqw8G1MzI+d96Hs+Q8b2pab5JoyWGLSWTa6/82Yj":{"registrationId":2120982522,"currentRatchet":{"ephemeralKeyPair":{"pubKey":"BcVxvKJQDkSfBW+uWlqX959cfKrVIBE/TNYw3BrsgSkq","privKey":"IBZYKUHDH0gmdZJVjX1c6Xh+fMaGyx3FPvzc3TilB2M="},"lastRemoteEphemeralKey":"BW5es1yxcuXA4U7iQIRBSJAPEAxiC1+x0VFh47U+8lEZ","previousCounter":0,"rootKey":"Serq/MrkMQS7/hru3jLkHwVOMJdnOWDxgZUSujRvX0c="},"indexInfo":{"baseKey":"Bf97wqw8G1MzI+d96Hs+Q8b2pab5JoyWGLSWTa6/82Yj","baseKeyType":2,"closed":-1,"used":1751030119784,"created":1751030119784,"remoteIdentityKey":"BZecCrbTmu1F//wB9B85KITNhkcEFDc+qvQjlgMz9RlT"},"_chains":{"BW5es1yxcuXA4U7iQIRBSJAPEAxiC1+x0VFh47U+8lEZ":{"chainKey":{"counter":0,"key":"DLl96NEHmwJTz0P2oKvF8wP/icbgiyKlv1Gao+EQbCA="},"chainType":2,"messageKeys":{}},"BcVxvKJQDkSfBW+uWlqX959cfKrVIBE/TNYw3BrsgSkq":{"chainKey":{"counter":1,"key":"dYDPFK+nju9g3RWfhXTmVlTzm0xwxLwUzmtcfP+vxU4="},"chainType":1,"messageKeys":{}}}}},"version":"v1"}