{"_sessions":{"BYvD5Jt6N+Liy1mcurzXOGPl35V3UloVCFQRGHpuYg9a":{"registrationId":31038639,"currentRatchet":{"ephemeralKeyPair":{"pubKey":"BZ6S/4BctD/UfIhq5jtJW2ALpd/bebcGnvQs5yHBLV4c","privKey":"SFpElRPMgRTuA+E/hsL2brPNSfrSrJR+lYwuvO0/D0I="},"lastRemoteEphemeralKey":"Bf1DHOJf9EhXVH4mlsoLEo63XFpPvhfuGrq1WtVBkRg4","previousCounter":0,"rootKey":"fAl9Y3q4AE/KMz4sXJZJ8Xg1TZLLc+B1u3+CO6NMwFE="},"indexInfo":{"baseKey":"BYvD5Jt6N+Liy1mcurzXOGPl35V3UloVCFQRGHpuYg9a","baseKeyType":1,"closed":-1,"used":1751031340661,"created":1751031328629,"remoteIdentityKey":"BTP4Nar0xcLJk7svvKs1A2kfdEydAXMHhr5fETTSrecq"},"_chains":{"Bf1DHOJf9EhXVH4mlsoLEo63XFpPvhfuGrq1WtVBkRg4":{"chainKey":{"counter":0,"key":"53mc9XKlugl8IntS3vMnXlOU0FnAXfTSChdiuY2LA90="},"chainType":2,"messageKeys":{}},"BZ6S/4BctD/UfIhq5jtJW2ALpd/bebcGnvQs5yHBLV4c":{"chainKey":{"counter":-1,"key":"TVEfwNQyshEqTP8lbNacTsGsrIGPN5CuQD5vKLTy82U="},"chainType":1,"messageKeys":{}}}}},"version":"v1"}